keyframe_id,timestamp_start,timestamp_end,narration_beat,narration_text,motion_intent,pair_id,pair_role,generator_model,intent_prompt,composition_notes,adjacent_delta,handoff_tool
k001,0.0,3.0,"title card","The Gulf Pearl: The Memory of the Twentieth Century",static_slide,,,,,"title typography over dark teal",,remotion
k002,3.0,7.5,"oil to pearl rewind","Long before oil transformed the Arabian Gulf, there was the pearl.",flf_pair,p001,first,flux2_dev,"An explainer-video keyframe depicting the modern oil era of the Arabian Gulf as a prologue to the pearl story. Three stylized lattice oil derricks stand on a flat Khaleeji coastal plain in the midground, silhouetted against a bold gradient sky shifting from deep teal at the zenith to warm amber-ochre at the horizon line. Two simplified crude-oil tanker shapes sit on the distant calm water horizon. Thin pipelines trace geometric paths across the sandy foreground. The ground plane is a muted cream-sand colour, flat and sparse, true to the Gulf coastal geography — no dunes, no lush vegetation. The overall mood is imposing and industrial but dignified. Style requirement: flat Kurzgesagt vector illustration, bold saturated deep teals, charcoal, warm oranges and amber; clean geometric shapes, minimal-to-no linework; strong scale-based depth created through size difference between foreground pipelines and background tankers; animation-ready silhouettes with clean readable edges. NO TEXT, NO GLYPHS, NO ARABIC OR ENGLISH LETTERING in the image. No photorealism, no painterly shading, no comic-book hatching, no 3D renders. SWANA Khaleeji Gulf-coastal context — sparse flat coastal plain with whitewashed low structures barely visible on the far left, slender minaret tip on the skyline. NOT orientalist fantasy, NOT South-Asian architecture, NOT generic Middle East, NOT Persian dome shapes, NOT lush greenery.","wide establishing, center-weighted horizon",,ltx
k003,3.0,7.5,"oil to pearl rewind","Long before oil transformed the Arabian Gulf, there was the pearl.",flf_pair,p001,last,flux2_dev,"An explainer-video keyframe identical in composition to k002: three lattice oil derricks on a flat Khaleeji coastal plain, two tanker silhouettes on the distant water horizon, pipelines tracing the foreground, muted cream-sand ground plane. The sky gradient shifts from deep teal at the zenith to warm amber-ochre at the horizon. However, the oil derricks have completely dissolved — they are absent from the frame, leaving only the empty coastal plain where they previously stood. A single large luminous pearl — cream-white with a warm pink-gold overtone — emerges at centre frame, hovering just above the ground plane, softly glowing. All other elements — sky gradient, horizon band, tanker silhouettes, pipelines, ground texture, minaret on skyline — remain identical to the first frame. Style requirement: flat Kurzgesagt vector illustration, bold saturated deep teals, charcoal, warm oranges and amber; clean geometric shapes, minimal-to-no linework; strong scale-based depth; animation-ready silhouettes. NO TEXT, NO GLYPHS, NO ARABIC OR ENGLISH LETTERING in the image. No photorealism, no painterly shading, no comic-book hatching, no 3D renders. SWANA Khaleeji Gulf-coastal context — sparse flat coastal plain, whitewashed structures on far left, slender minaret tip on skyline. NOT orientalist, NOT South-Asian, NOT generic Middle East, NOT Persian. — identical to p001_first EXCEPT: oil derricks dissolve completely (absent from the frame); a luminous pearl emerges at centre frame. All other elements remain unchanged.","wide establishing, center-weighted horizon","oil derricks dissolve completely (absent); luminous pearl emerges at centre frame; all other elements unchanged.",ltx
k004,7.5,14.0,"livelihood from the sea","For centuries, the people of this region drew their livelihood from the sea. Pearl diving was not merely an industry — it was a way of life, shaping society, culture, and identity.",camera_only,,,ernie,"An explainer-video keyframe showing a wide atmospheric panorama of a traditional Khaleeji Gulf coastal settlement at golden hour. In the foreground, a calm turquoise-teal sea stretches across the lower third of the frame. In the midground, a crescent-shaped shoreline hosts a cluster of whitewashed low-rise coral-stone buildings with flat roofs, a slender pale minaret rising above the roofline. Several traditional wooden dhows — pearl-diving sambouks with triangular lateen sails furled — are moored along the waterfront, their hulls in warm brown and ochre tones. Tiny silhouette figures of people move along the shore between the boats and the buildings. The background sky is a bold gradient from deep teal overhead fading to warm cream-ochre at the horizon, with soft layered cloud shapes in muted orange. The entire scene reads as a single unified community built around the sea. Style requirement: flat Kurzgesagt vector illustration, bold saturated deep teals, warm ochres, cream, and coral accents; clean geometric shapes, minimal-to-no linework; layered depth via scale — small buildings behind medium dhows behind large water plane; animation-ready silhouettes with clean readable edges. NO TEXT, NO GLYPHS, NO ARABIC OR ENGLISH LETTERING in the image. No photorealism, no painterly shading, no comic-book hatching, no 3D renders. SWANA Khaleeji Gulf-coastal context — whitewashed low buildings, wooden dhows, slender minarets, coastal flat plain, futa and thobe attire on figures. NOT orientalist fantasy, NOT South-Asian, NOT generic Middle East, NOT Persian.","wide panorama, horizon at lower third",,kenburns
k005,14.0,19.5,"communities and bedouins","Entire communities were built around the diving season. Bedouins left the desert for the ocean.",flf_pair,p002,first,flux2_dev,"An explainer-video keyframe depicting a caravan of Bedouin figures crossing a flat arid plain toward a distant Gulf shoreline. Five to seven stylized human silhouettes in traditional Khaleeji thobe and ghutra headwear walk in a loose line from left to right across the midground, some leading laden camels. The foreground is sparse sandy terrain in muted cream and pale ochre tones. In the far background on the right side, a thin strip of turquoise-teal water is visible at the horizon, with the faint shapes of dhow masts just barely discernible. The sky is a bold deep teal at the top transitioning to a warm amber band at the horizon. The mood is one of purposeful migration — calm and dignified. Style requirement: flat Kurzgesagt vector illustration, bold saturated deep teals, warm ochres, cream, sand tones; clean geometric shapes, minimal-to-no linework; layered depth via scale — large camel silhouettes in midground, small dhow masts on the distant horizon; animation-ready silhouettes with clean readable edges. NO TEXT, NO GLYPHS, NO ARABIC OR ENGLISH LETTERING in the image. No photorealism, no painterly shading, no comic-book hatching, no 3D renders. SWANA Khaleeji context — Gulf coastal flat desert merging with sea, traditional Bedouin attire (thobe, ghutra, bisht), camels not horses. NOT orientalist fantasy, NOT South-Asian, NOT generic Middle East, NOT Persian, NOT Maghrebi.","wide landscape, figures crossing left to right",,ltx
k006,14.0,19.5,"communities and bedouins","Entire communities were built around the diving season. Bedouins left the desert for the ocean.",flf_pair,p002,last,flux2_dev,"An explainer-video keyframe identical in composition to k005: Bedouin figures in traditional Khaleeji thobe and ghutra crossing a flat arid plain from left to right, some leading laden camels, sparse sandy foreground in muted cream and ochre. The sky is deep teal at the zenith transitioning to warm amber at the horizon. However, the caravan has advanced slightly rightward toward the shore, and the distant turquoise-teal water strip on the right is now wider and more prominent. Two dhow hulls are now clearly visible at the waterline rather than just mast tips. The horizon amber band has warmed five percent. All other composition elements — figure count, camel positions, ground texture, sky structure — remain identical. Style requirement: flat Kurzgesagt vector illustration, bold saturated deep teals, warm ochres, cream, sand tones; clean geometric shapes, minimal-to-no linework; layered depth via scale; animation-ready silhouettes. NO TEXT, NO GLYPHS, NO ARABIC OR ENGLISH LETTERING in the image. No photorealism, no painterly shading, no comic-book hatching, no 3D renders. SWANA Khaleeji context — Gulf flat desert merging with sea, traditional Bedouin attire. NOT orientalist, NOT South-Asian, NOT generic Middle East, NOT Persian. — identical to p002_first EXCEPT: caravan advances slightly rightward; water strip widens; dhow hulls become visible; horizon warms 5%.","wide landscape, figures crossing left to right","caravan advances rightward; water strip widens with visible dhow hulls; horizon warms 5%.",ltx
k007,19.5,23.0,"shipbuilders perfect craft","Shipbuilders perfected their craft.",camera_only,,,flux2_dev,"An explainer-video keyframe depicting Khaleeji shipbuilders constructing a traditional wooden dhow on a Gulf beach. In the centre-left of the frame, the skeletal ribcage of a large sambouk hull sits propped on wooden supports, its curved ribs arcing upward like a whale skeleton. Three stylized human figures in futa wraps and bare chests work around the hull — one figure crouches inside the frame hammering a plank, another stands on a scaffold lashing a rib joint, a third carries a long plank on his shoulder approaching from the left. Wood shavings and tools — adzes, mallets, hand drills — are scattered on the sandy ground in the foreground. Behind the hull, calm turquoise-teal water stretches to the horizon. The sky is a bold gradient from deep teal overhead to warm ochre-cream at the horizon, late afternoon light. The mood is one of skilled labour and craftsmanship. Style requirement: flat Kurzgesagt vector illustration, bold saturated deep teals, warm browns, ochres, cream; clean geometric shapes, minimal-to-no linework; layered depth via scale — large hull ribs in midground, small water horizon behind; animation-ready silhouettes. NO TEXT, NO GLYPHS, NO ARABIC OR ENGLISH LETTERING in the image. No photorealism, no painterly shading, no comic-book hatching, no 3D renders. SWANA Khaleeji Gulf-coastal context — traditional dhow construction, futa wraps, sambouk hull design, flat sandy beach. NOT orientalist, NOT South-Asian, NOT generic Middle East, NOT Persian.","medium shot, hull centre-left, horizon right",,kenburns
k008,23.0,30.0,"nokhada commands the ship","Hierarchies formed — from the nokhada, the ship captain, to the diver descending into the deep on a single breath, a stone tied to his foot.",flf_pair,p003,first,flux2_dev,"An explainer-video keyframe depicting the deck of a traditional Khaleeji pearl-diving dhow at sea. In the centre of the frame, the nokhada — the ship captain — stands tall on the raised stern platform of a wooden sambouk. He is a dignified figure in a clean white thobe and dark bisht cloak, one hand resting on the tiller, gazing forward. Around him on the lower deck, four to five crew figures in simple futa wraps sit or crouch, preparing diving equipment — coiled ropes, woven baskets, nose clips. One diver at the gunwale on the right side of the frame sits with legs dangling over the edge, a dark stone weight resting on his lap, preparing to descend. The sea is a deep teal stretching to the horizon on all sides. The sky above is a saturated teal-to-cyan gradient, bright and clear, suggesting midday heat. The dhow's wooden hull and mast are warm brown and ochre. The composition establishes clear visual hierarchy — the nokhada elevated and central, the crew lower, the diver at the edge. Style requirement: flat Kurzgesagt vector illustration, bold saturated deep teals, warm ochres, cream, dark charcoal accents; clean geometric shapes, minimal-to-no linework; layered depth via scale; animation-ready silhouettes. NO TEXT, NO GLYPHS, NO ARABIC OR ENGLISH LETTERING in the image. No photorealism, no painterly shading, no comic-book hatching, no 3D renders. SWANA Khaleeji Gulf context — wooden pearl-diving dhow, thobe and bisht, futa wraps, Gulf pearl-diving equipment. NOT orientalist, NOT South-Asian, NOT generic Middle East, NOT Persian.","medium-wide deck shot, nokhada elevated centre",,ltx
k009,23.0,30.0,"nokhada commands the ship","Hierarchies formed — from the nokhada, the ship captain, to the diver descending into the deep on a single breath, a stone tied to his foot.",flf_pair,p003,last,flux2_dev,"An explainer-video keyframe identical in composition to k008: the deck of a traditional Khaleeji pearl-diving dhow at sea, the nokhada standing tall on the raised stern in white thobe and dark bisht, one hand on the tiller. Crew figures in futa wraps sit on the lower deck with diving equipment. Deep teal sea stretches to the horizon, saturated teal-to-cyan sky overhead. Warm brown and ochre hull and mast. However, the diver who was seated at the gunwale on the right is now gone — his position at the rail is empty, and a taut rope runs from a cleat on the gunwale straight down into the water below, implying he has descended. The stone weight is no longer visible on deck. A small splash ripple pattern appears on the water surface near the hull on the right side. All other elements — nokhada pose, crew positions, sky, hull, lighting — remain identical. Style requirement: flat Kurzgesagt vector illustration, bold saturated deep teals, warm ochres, cream, charcoal; clean geometric shapes, minimal-to-no linework; layered depth via scale; animation-ready silhouettes. NO TEXT, NO GLYPHS, NO ARABIC OR ENGLISH LETTERING in the image. No photorealism, no painterly shading, no comic-book hatching, no 3D renders. SWANA Khaleeji Gulf context — pearl-diving dhow, traditional attire and equipment. NOT orientalist, NOT South-Asian, NOT generic Middle East, NOT Persian. — identical to p003_first EXCEPT: diver has gone overboard, his seat is empty, a taut dive rope runs from the gunwale into the water, splash ripple appears on the surface.","medium-wide deck shot, nokhada elevated centre","diver gone overboard; empty seat at gunwale; taut rope runs into water; splash ripple on surface.",ltx
k010,30.0,37.5,"diver in the deep","Gulf pearls were legendary. Warmer waters, gentle currents, and unique conditions produced gems of unmatched clarity and lustre.",camera_only,,,flux2_dev,"An explainer-video keyframe depicting a lone pearl diver descending through warm Gulf waters toward an oyster bed on the seabed. The frame is an underwater vertical composition. At centre, a single male figure in a minimal futa loincloth descends feet-first, one arm extended upward gripping a taut rope, a dark stone weight tied to his ankle pulling him down. His silhouette is streamlined and dignified. Around him, the water is rendered in layered bands of colour — bright turquoise-cyan near the top fading to deeper teal and then to a rich dark teal-blue at the bottom. Shafts of warm golden-cream light pierce downward from the surface above, creating geometric wedge shapes through the water. On the sandy seabed at the bottom of the frame, clusters of rough oyster shells sit in scattered groups, some slightly ajar with a faint warm pearl-glow visible inside. Small simplified fish silhouettes drift in the midground. The mood is hushed, reverent, almost sacred — the diver alone between sky and seabed. Style requirement: flat Kurzgesagt vector illustration, bold saturated teals, cyans, warm golden light accents, cream and pearl-pink highlights; clean geometric shapes, minimal-to-no linework; layered depth via colour bands and scale; animation-ready silhouettes. NO TEXT, NO GLYPHS, NO ARABIC OR ENGLISH LETTERING in the image. No photorealism, no painterly shading, no comic-book hatching, no 3D renders. SWANA Khaleeji Gulf underwater context — warm shallow Gulf waters, pearl oyster beds, traditional stone-weight diving. NOT orientalist, NOT South-Asian, NOT generic Middle East.","vertical underwater, diver descending centre",,kenburns
k011,37.5,42.0,"legendary pearl close-up","Traders came from India, Europe, and beyond. Wealth accumulated. Cities grew.",camera_only,,,ernie,"An explainer-video keyframe depicting a single exquisite Gulf pearl resting in the cupped palm of a weathered hand against a backdrop suggesting prosperous trade. The pearl sits centre frame, a large spherical gem rendered in luminous cream-white with warm pink-gold overtones and a soft inner glow. The hand beneath it is stylized, simplified, with warm brown skin tones suggesting a Khaleeji pearl merchant. Behind and above the hand, a blurred midground suggests the arches and awnings of a Gulf souq marketplace — geometric shapes in warm ochre, terracotta, and cream, with faint silhouettes of merchant figures and stacked goods. Further back, the suggestion of growing city skyline shapes — low coral-stone buildings, a minaret, perhaps a watchtower — rise against a deep teal sky fading to warm ochre at the horizon. The mood is one of quiet wealth and significance — this single pearl represents an entire economy. Style requirement: flat Kurzgesagt vector illustration, bold saturated teals, warm ochres, pearl-cream, pink-gold accents; clean geometric shapes, minimal-to-no linework; layered depth via focus and scale — sharp pearl in foreground, soft souq in midground, city skyline in background; animation-ready silhouettes. NO TEXT, NO GLYPHS, NO ARABIC OR ENGLISH LETTERING in the image. No photorealism, no painterly shading, no comic-book hatching, no 3D renders. SWANA Khaleeji Gulf context — Gulf souq architecture, coral-stone buildings, traditional merchant setting. NOT orientalist, NOT South-Asian, NOT generic Middle East, NOT Persian.","close-up, pearl centre frame in palm",,kenburns
k012,42.0,45.0,"human cost pivot","But the pearl carried a human cost.",static_slide,,,,,"dark tonal shift card, mood pivot",,remotion
k013,45.0,53.0,"brutal diving conditions","Divers endured brutal conditions — months at sea, the pressure of the depths, the ever-present threat of injury or death.",camera_only,,,flux2_dev,"An explainer-video keyframe depicting the harsh reality of pearl diving in the Gulf. A lone diver is shown at the bottom of a deep underwater scene, crouched on a dark seabed, his body curled forward in visible strain. He clutches a woven basket half-filled with oyster shells against his chest with one arm, while his other hand presses against his nose with a traditional bone nose-clip. His futa loincloth drifts upward with the water pressure. Above him, the dive rope stretches upward toward a distant, dim surface — the dhow hull is just a faint dark shape far above, emphasising the crushing depth. The water colour palette has shifted darker and colder than the earlier underwater scene — deep teal-navy dominates, with only thin shafts of weakened golden light reaching this depth. The seabed is strewn with rough rocks and shells in dark charcoal and brown tones. The mood is oppressive, claustrophobic, sombre — communicating the physical toll without graphic violence. Style requirement: flat Kurzgesagt vector illustration, deep saturated teal-navy, dark charcoal, muted ochre, thin golden light accents; clean geometric shapes, minimal-to-no linework; layered depth via colour density and scale; animation-ready silhouettes. NO TEXT, NO GLYPHS, NO ARABIC OR ENGLISH LETTERING in the image. No photorealism, no painterly shading, no comic-book hatching, no 3D renders. SWANA Khaleeji Gulf underwater context — traditional pearl-diving equipment, bone nose-clip, woven harvest basket. NOT orientalist, NOT South-Asian, NOT generic Middle East.","vertical underwater, diver crouched at bottom",,kenburns
k014,53.0,60.0,"debt bondage","And the financial system bound many of them in cycles of debt from which they could rarely escape.",camera_only,,,flux2_dev,"An explainer-video keyframe depicting the exploitative debt system of the Gulf pearl trade. A solitary diver figure sits on a low wooden stool in the foreground-left of the frame, head bowed, shoulders slumped in a posture of exhaustion and resignation. He wears a simple worn futa wrap. Before him, a tall imposing merchant figure stands in the midground-right, rendered larger in scale to convey power imbalance, wearing a fine white thobe and ornate bisht. Between them on a low wooden table sits a small open ledger and a tiny pile of pearls — the diver's meagre haul. The background is a dim interior — the merchant's counting house, rendered as simple geometric walls in dark warm brown and ochre with a single high arched window letting in a narrow beam of teal-tinted light. The overall palette is deliberately muted and desaturated compared to earlier scenes — dusty ochres, faded teals, dark browns — conveying the draining nature of the debt cycle. The mood is quietly devastating, dignified but sorrowful. Style requirement: flat Kurzgesagt vector illustration, muted desaturated teals, dusty ochres, dark browns, thin light accents; clean geometric shapes, minimal-to-no linework; layered depth via scale and lighting; animation-ready silhouettes. NO TEXT, NO GLYPHS, NO ARABIC OR ENGLISH LETTERING in the image. No photorealism, no painterly shading, no comic-book hatching, no 3D renders. SWANA Khaleeji Gulf context — merchant counting house, traditional attire, pearl trade ledger system. NOT orientalist, NOT South-Asian, NOT generic Middle East, NOT Persian.","interior medium shot, power imbalance framing",,kenburns
k015,60.0,62.0,"the collapse","Then came the collapse.",static_slide,,,,,"stark dramatic beat card",,remotion
k016,62.0,70.0,"Mikimoto cultured pearls","In the early twentieth century, the Japanese scientist Kokichi Mikimoto perfected cultured pearl farming, flooding world markets with affordable alternatives.",camera_only,,,flux2_dev,"An explainer-video keyframe depicting cultured pearl farming as seen from a wide overhead angle. The frame shows a calm bay rendered in flat turquoise-teal, viewed from a slightly elevated perspective. Arranged in neat geometric grid rows across the water surface are dozens of circular pearl-farming rafts — dark wooden frames holding suspended mesh baskets beneath the waterline, visible as faint shapes below the surface. The rafts form a precise repeating pattern that emphasises industrial scale and mass production. In the far background, a simplified coastline with low hills in muted green-grey suggests a non-Gulf geography — this is Japan, rendered in cooler tones (slate grey, muted green, cool blue-grey) to visually distinguish it from the warm Khaleeji palette of previous frames. A single small boat moves between the raft rows. The sky is a cooler teal-grey, overcast and flat compared to the warm Gulf skies. The mood is clinical and efficient — beautiful in its geometry but devoid of the human intimacy of the Gulf diving scenes. Style requirement: flat Kurzgesagt vector illustration, cooler teal-grey, slate, muted green, cream; clean geometric shapes, minimal-to-no linework; layered depth via overhead perspective and scale; animation-ready silhouettes. NO TEXT, NO GLYPHS, NO ARABIC OR ENGLISH LETTERING in the image. No photorealism, no painterly shading, no comic-book hatching, no 3D renders. Non-Gulf context — Japanese pearl-farming bay, cooler colour temperature, NOT Khaleeji, NOT orientalist, NOT South-Asian.","overhead wide, geometric raft grid",,kenburns
k017,70.0,75.0,"prices plummet","By the 1930s, Gulf pearl prices had plummeted. The ancient industry fell into decline.",flf_pair,p004,first,flux2_dev,"An explainer-video keyframe depicting a bustling Khaleeji Gulf pearl market at its peak. A wide shot of an open-air souq with low arched colonnades in warm ochre and cream stone. Under the arches, numerous merchant figures in white thobes and dark bishts stand behind low display tables, while buyer figures crowd the walkways — the market is full of life and activity. Woven baskets of pearls sit on tables, and small weighing scales are visible. Stacked goods and fabric bolts line the back walls. Warm golden light floods in from the open side of the souq on the left. The sky visible through gaps is a warm ochre-cream. Multiple dhow masts are visible beyond the souq roofline, suggesting a thriving port. The palette is warm and rich — deep ochres, cream, warm brown, touches of coral and gold — the peak of pearl-trade prosperity. Style requirement: flat Kurzgesagt vector illustration, warm saturated ochres, cream, gold accents, teal shadows; clean geometric shapes, minimal-to-no linework; layered depth via scale and overlapping arcade arches; animation-ready silhouettes. NO TEXT, NO GLYPHS, NO ARABIC OR ENGLISH LETTERING in the image. No photorealism, no painterly shading, no comic-book hatching, no 3D renders. SWANA Khaleeji Gulf context — traditional souq architecture, coral-stone colonnades, pearl merchant setting. NOT orientalist, NOT South-Asian, NOT generic Middle East, NOT Persian.","wide souq interior, arched colonnades framing",,ltx
k018,70.0,75.0,"prices plummet","By the 1930s, Gulf pearl prices had plummeted. The ancient industry fell into decline.",flf_pair,p004,last,flux2_dev,"An explainer-video keyframe identical in composition to k017: a wide shot of the same Khaleeji Gulf pearl-market souq with low arched colonnades in warm ochre and cream stone. The same arcade structure, the same tables, the same dhow masts beyond the roofline, the same warm golden light from the left, the same sky visible through gaps. However, the souq is now largely empty — three to four solitary merchant figures remain behind their tables where a dozen stood before, and only a few buyer figures remain in the walkways. The display baskets, weighing scales, fabric bolts, and stacked goods all remain in their original positions and quantities. All other elements — arcade structure, column positions, dhow masts visible beyond the roofline, warm golden light from the left, sky gradient through gaps, overall warm ochre/cream/gold palette — remain identical to the first frame. The quieter atmosphere is communicated purely through the reduction of figures, not through any palette shift. Style requirement: flat Kurzgesagt vector illustration, warm saturated ochres, cream, gold accents, teal shadows; clean geometric shapes, minimal-to-no linework; layered depth via scale; animation-ready silhouettes. NO TEXT, NO GLYPHS, NO ARABIC OR ENGLISH LETTERING in the image. No photorealism, no painterly shading, no comic-book hatching, no 3D renders. SWANA Khaleeji Gulf context — same souq, declined state. NOT orientalist, NOT South-Asian, NOT generic Middle East, NOT Persian. — identical to p004_first EXCEPT: merchant and buyer figures reduced from ~12 to 3-4 solitary figures; walkways largely empty. Baskets, tables, goods, lighting, and palette all remain unchanged.","wide souq interior, arched colonnades framing","merchant and buyer figures reduced from ~12 to 3-4; walkways largely empty. Baskets, goods, lighting, and palette unchanged.",ltx
k019,75.0,83.0,"era transition dhow to tanker","Yet as the last pearl-diving ships returned to shore, the first oil tankers were preparing to leave those very same waters. One era gave way to another.",flf_pair,p005,first,flux2_dev,"An explainer-video keyframe depicting the final return of the pearl-diving fleet. A wide coastal panorama of a Khaleeji Gulf shoreline at dusk. In the foreground-right, a single traditional wooden dhow — sails lowered, hull weathered — glides slowly toward the sandy shore, its bow nearly touching the beach. A few weary figures stand on its deck. Two more dhows in the midground are already beached, tilted on the sand, looking abandoned. The water is a deep teal reflecting the dusky sky. The shoreline stretches across the frame with whitewashed low buildings in the far background, a slender minaret silhouette against the sky. The sky is a dramatic gradient from deep navy-teal at the top to a rich amber-orange band at the horizon, the last light of the pearl era. The mood is elegiac — beautiful but ending. On the far left edge of the frame, barely visible on the distant water horizon, a single dark geometric shape — the faint silhouette of an oil tanker — sits low on the water. Style requirement: flat Kurzgesagt vector illustration, deep teal-navy, rich amber-orange, warm brown dhow hulls, cream; clean geometric shapes, minimal-to-no linework; layered depth via scale; animation-ready silhouettes. NO TEXT, NO GLYPHS, NO ARABIC OR ENGLISH LETTERING in the image. No photorealism, no painterly shading, no comic-book hatching, no 3D renders. SWANA Khaleeji Gulf-coastal context — traditional dhows, whitewashed buildings, flat coastal plain. NOT orientalist, NOT South-Asian, NOT generic Middle East, NOT Persian.","wide coastal panorama, dhow approaching shore right",,ltx
k020,75.0,83.0,"era transition dhow to tanker","Yet as the last pearl-diving ships returned to shore, the first oil tankers were preparing to leave those very same waters. One era gave way to another.",flf_pair,p005,last,flux2_dev,"An explainer-video keyframe identical in composition to k019: wide coastal panorama of a Khaleeji Gulf shoreline at dusk, the returning dhow now beached on the right alongside the other abandoned dhows, its crew stepping off onto the sand. The same whitewashed buildings and minaret silhouette in the far background. The same dramatic sky gradient from deep navy-teal to amber-orange at the horizon. However, the oil tanker silhouette that was barely visible on the far left horizon is now larger and more prominent — it has moved closer, clearly recognisable as a large geometric tanker hull, and a second tanker silhouette has appeared behind it. A thin dark line of pipeline or jetty extends from the shore on the left side toward the tankers. The amber band at the horizon has shifted slightly cooler, hinting at a new industrial dawn rather than a warm sunset. Style requirement: flat Kurzgesagt vector illustration, deep teal-navy, amber-orange shifting cooler, warm brown, cream, dark charcoal tanker shapes; clean geometric shapes, minimal-to-no linework; layered depth via scale; animation-ready silhouettes. NO TEXT, NO GLYPHS, NO ARABIC OR ENGLISH LETTERING in the image. No photorealism, no painterly shading, no comic-book hatching, no 3D renders. SWANA Khaleeji Gulf-coastal context — dhows beached, oil tankers on horizon, transitional era. NOT orientalist, NOT South-Asian, NOT generic Middle East, NOT Persian. — identical to p005_first EXCEPT: dhow now beached with crew disembarking; oil tanker on far left is larger and a second tanker appears; pipeline or jetty extends from left shore; horizon amber cools slightly.","wide coastal panorama, dhow beached right","dhow beached with crew off; tanker larger with second tanker appearing; pipeline extends from shore; horizon cools.",ltx
k021,83.0,93.0,"cultural memory book","This book, by Khalid Ziyara, is a work of cultural memory — documenting the terminology, the traditions, the ship types, the pearl classifications, the navigational knowledge — an entire civilisation's relationship with the sea, preserved before it fades from living memory.",camera_only,,,ernie,"An explainer-video keyframe depicting a serene tableau of cultural preservation and maritime heritage. Centre frame, an open leather-bound manuscript lies on a low wooden stand, its pages spread wide. Around the manuscript in a carefully arranged still-life composition float simplified iconic objects of Gulf pearl-diving culture: a miniature wooden dhow model, a coiled dive rope, a woven pearl-harvest basket, a traditional bone nose-clip, a small brass navigational astrolabe, and a cluster of pearls in graduated sizes from small to large. These objects are arranged in a loose arc around the manuscript, hovering at slightly different heights to create visual depth. Beneath everything, a simple wooden surface in warm brown tones. The background is a flat deep teal, clean and uncluttered, giving the objects a museum-display dignity. Warm golden-cream light falls from the upper left, casting soft geometric shadows to the lower right. The mood is reverent, archival, quiet — knowledge being preserved. Style requirement: flat Kurzgesagt vector illustration, deep teal background, warm ochres, cream, brown, pearl-pink accents; clean geometric shapes, minimal-to-no linework; layered depth via scale and floating heights; animation-ready silhouettes. NO TEXT, NO GLYPHS, NO ARABIC OR ENGLISH LETTERING in the image — the manuscript pages show abstract line patterns only, no readable script. No photorealism, no painterly shading, no comic-book hatching, no 3D renders. SWANA Khaleeji Gulf context — Gulf pearl-diving heritage objects, traditional navigational tools. NOT orientalist, NOT South-Asian, NOT generic Middle East, NOT Persian.","overhead tableau, manuscript centre, objects arrayed",,kenburns
k022,93.0,96.5,"pearl of resilience","The pearl remains the Gulf's first emblem of resilience.",camera_only,,,ernie,"An explainer-video keyframe depicting a single luminous Gulf pearl as a heroic closing image. The pearl sits perfectly centre frame, large and dominant, rendered in lustrous cream-white with warm pink-gold iridescent overtones and a soft inner glow that radiates outward in concentric rings of light. It rests on a minimal dark surface — just a thin shadow-line beneath it. The background is a rich deep teal, bold and saturated, completely clean and uncluttered — no objects, no scenery, just the pearl against the colour. Faint concentric halo rings in warm gold and cream emanate from the pearl outward, suggesting resilience and enduring significance. The composition is deliberately simple and monumental — one object, one message. The mood is triumphant and eternal, a quiet exclamation mark on the pearl narrative. Style requirement: flat Kurzgesagt vector illustration, deep saturated teal background, pearl-cream, warm pink-gold iridescence, golden halo rings; clean geometric shapes, minimal-to-no linework; the pearl itself is the only element, rendered with subtle geometric faceting to maintain the flat-vector style while suggesting lustre; animation-ready silhouette. NO TEXT, NO GLYPHS, NO ARABIC OR ENGLISH LETTERING in the image. No photorealism, no painterly shading, no comic-book hatching, no 3D renders. SWANA Khaleeji Gulf context implied through the pearl itself as cultural emblem. NOT orientalist, NOT South-Asian, NOT generic Middle East.","dead centre, pearl hero shot, clean background",,kenburns
k023,96.5,99.0,"aramco section title","Saudi Aramco — Annual Report 2024",static_slide,,,,,"section title card, corporate teal",,remotion
k024,99.0,105.0,"most consequential energy co","Aramco remains, by almost any measure, the world's most consequential energy company. In 2024, it proved that once again.",camera_only,,,ernie,"An explainer-video keyframe depicting the vast scale of Saudi Aramco's operations as a wide establishing shot. A sweeping flat desert-coastal panorama stretches across the frame. In the midground, a massive oil processing facility is rendered as a cluster of simplified geometric shapes — cylindrical storage tanks in rows, tall cracking towers, interconnected pipelines, all in clean charcoal, silver-grey, and industrial ochre tones. The facility is enormous relative to the frame, conveying scale and consequence. In the foreground, a flat sandy plain in muted cream-sand stretches toward the viewer. In the background behind the facility, a strip of teal-blue Gulf water is visible on the horizon with a single large tanker silhouette. The sky is a bold deep teal at the zenith fading to warm amber-cream at the horizon, with the facility catching warm golden side-light from the right. The mood is awe-inspiring and monumental — sheer industrial scale in a clean, dignified visual language. Style requirement: flat Kurzgesagt vector illustration, bold deep teals, industrial charcoal, silver-grey, warm ochre-amber accents; clean geometric shapes, minimal-to-no linework; layered depth via scale — massive facility dwarfing the landscape; animation-ready silhouettes. NO TEXT, NO GLYPHS, NO ARABIC OR ENGLISH LETTERING in the image — no signs on buildings, no logos. No photorealism, no painterly shading, no comic-book hatching, no 3D renders. SWANA Khaleeji Gulf-coastal Saudi context — flat desert meeting Gulf waters, industrial oil infrastructure, NOT orientalist, NOT South-Asian, NOT generic Middle East, NOT Persian.","ultra-wide panorama, facility centre, horizon high",,kenburns
k025,105.0,112.0,"net income and dividends","The company posted a net income of 106.2 billion dollars — among the highest of any corporation on earth. Total dividends paid to shareholders reached 124.2 billion dollars, a 27 percent increase on the prior year.",static_slide,,,,,"financial data card — net income and dividends",,remotion
k026,112.0,118.0,"IPO returns","Since its IPO five years ago, Aramco has returned a staggering 441.7 billion dollars in dividends alone.",static_slide,,,,,"single stat hero card — $441.7B total dividends",,remotion
k027,118.0,128.0,"supply reliability","Operationally, the company maintained a crude oil supply reliability of 99.7 percent — a figure that underpins its reputation as the world's most dependable supplier. Total liquids production held at 12.4 million barrels per day, with a maximum sustainable capacity of 12 million barrels per day of crude.",camera_only,,,flux2_dev,"An explainer-video keyframe depicting the operational reliability of Aramco's crude oil supply chain. A wide horizontal composition shows the full journey of oil from extraction to export. On the far left, two simplified oil wellhead structures — geometric pump-jacks in charcoal — bob on a flat desert plain. Pipelines in dark silver-grey trace from the wellheads rightward across the midground, branching and converging into a central processing node — a cluster of cylindrical tanks and towers. From the processing node, larger pipelines continue rightward to a coastal loading terminal where a massive tanker sits alongside a geometric jetty structure, being loaded. The entire chain reads left-to-right as a continuous flow, each stage connected by visible pipeline. The desert ground is muted cream-sand. The sea on the right is deep teal. The sky is a bold gradient from teal overhead to warm ochre at the horizon. Small numerical or gauge-like circular shapes without any digits or letters float above each stage, glowing warm gold, suggesting measured precision and reliability. Style requirement: flat Kurzgesagt vector illustration, deep teals, charcoal, silver-grey, warm ochre accents, gold gauge highlights; clean geometric shapes, minimal-to-no linework; layered depth via the left-to-right flow creating implied depth; animation-ready silhouettes. NO TEXT, NO GLYPHS, NO ARABIC OR ENGLISH LETTERING in the image — gauge circles are abstract, no numbers. No photorealism, no painterly shading, no comic-book hatching, no 3D renders. SWANA Khaleeji Gulf-coastal Saudi context — desert oil extraction to Gulf tanker loading. NOT orientalist, NOT South-Asian, NOT generic Middle East.","ultra-wide horizontal flow, left to right",,kenburns
k028,128.0,135.0,"not standing still","But this is not a company standing still. Several major field increments — Dammam, Marjan, Berri — are expected onstream in 2025, with Zuluf to follow in 2026.",camera_only,,,flux2_dev,"An explainer-video keyframe depicting active expansion of Saudi oil field infrastructure. A wide aerial-perspective view looks down at a flat coastal desert landscape divided into distinct development zones. In the foreground, a completed oil field section shows operational pump-jacks, connected pipelines, and storage tanks in charcoal and warm ochre tones, functioning and settled. In the midground, a new field section is under active construction — cranes in bright amber-orange rise above partially built structures, geometric scaffolding surrounds half-finished processing towers, and new pipeline trenches cut geometric lines through the sand. Workers are represented as tiny simplified silhouettes moving among the construction. In the background, a third zone is marked by survey stakes and ground-clearing patterns — future development, rendered in lighter outline strokes. The progression from completed to under-construction to planned creates a clear left-to-right narrative of continuous expansion. The sky is bold teal fading to warm amber. Style requirement: flat Kurzgesagt vector illustration, deep teals, charcoal, bright amber-orange construction accents, warm ochre, cream-sand; clean geometric shapes, minimal-to-no linework; layered depth via aerial perspective zones; animation-ready silhouettes. NO TEXT, NO GLYPHS, NO ARABIC OR ENGLISH LETTERING in the image — no site signs or labels. No photorealism, no painterly shading, no comic-book hatching, no 3D renders. SWANA Khaleeji Gulf-coastal Saudi context — flat desert oil field expansion, Saudi coastal geography. NOT orientalist, NOT South-Asian, NOT generic Middle East, NOT Persian.","elevated aerial, three development zones left to right",,kenburns
k029,135.0,140.0,"spare capacity","These projects offset natural reservoir decline and maintain built-in spare capacity that can be activated at speed.",static_slide,,,,,"data concept card — spare capacity graphic",,remotion
k030,140.0,148.0,"gas expansion Jafurah","On gas, Aramco is pursuing a transformative expansion — targeting a 60 percent increase in sales gas production capacity. Phase one of the Jafurah unconventional gas development is on schedule for 2025, marking a major milestone in the Kingdom's energy diversification.",flf_pair,p006,first,flux2_dev,"An explainer-video keyframe depicting a gas processing facility in a vast Saudi desert landscape. The frame shows a wide establishing shot of the Jafurah gas development area. In the centre-right of the frame, a large gas processing plant is rendered as a cluster of tall cylindrical columns, spherical pressure vessels, and horizontal separator drums, all in clean silver-grey and cool blue-steel tones — distinctly cooler and more metallic than the warm ochre oil infrastructure of previous frames. Flare stacks at the top emit small stylized geometric flame shapes in warm amber. In the foreground, a flat desert expanse in muted cream-sand stretches wide, with thin gas pipeline conduits in silver tracing geometric paths from the left edge toward the plant. The sky is a bold gradient from deep teal at the zenith to a warm amber band at the horizon, but the facility itself reads as cooler-toned against this warm sky. The mood is ambitious and forward-looking — new frontier energy. Style requirement: flat Kurzgesagt vector illustration, deep teals, cool silver-grey, blue-steel, warm amber flare accents; clean geometric shapes, minimal-to-no linework; layered depth via scale; animation-ready silhouettes. NO TEXT, NO GLYPHS, NO ARABIC OR ENGLISH LETTERING in the image. No photorealism, no painterly shading, no comic-book hatching, no 3D renders. SWANA Khaleeji Saudi interior desert context — vast flat desert, gas infrastructure. NOT orientalist, NOT South-Asian, NOT generic Middle East, NOT Persian.","wide establishing, facility centre-right",,ltx
k031,140.0,148.0,"gas expansion Jafurah","On gas, Aramco is pursuing a transformative expansion — targeting a 60 percent increase in sales gas production capacity. Phase one of the Jafurah unconventional gas development is on schedule for 2025, marking a major milestone in the Kingdom's energy diversification.",flf_pair,p006,last,flux2_dev,"An explainer-video keyframe identical in composition to k030: wide establishing shot of a gas processing facility in vast Saudi desert, the plant centre-right with tall cylindrical columns, spherical pressure vessels, separator drums in silver-grey and blue-steel tones, flare stacks with amber flame shapes, flat cream-sand desert foreground with silver pipeline conduits tracing from the left. Deep teal to warm amber sky gradient. However, the facility has expanded — two additional processing columns have appeared on the left side of the plant cluster, and the pipeline network in the foreground has branched into two additional conduit lines. The flare stacks now emit slightly larger flame shapes. The overall silver-grey footprint of the facility is visibly wider. All other elements — sky gradient, desert ground colour, camera angle, general composition — remain identical. Style requirement: flat Kurzgesagt vector illustration, deep teals, cool silver-grey, blue-steel, warm amber; clean geometric shapes, minimal-to-no linework; layered depth via scale; animation-ready silhouettes. NO TEXT, NO GLYPHS, NO ARABIC OR ENGLISH LETTERING in the image. No photorealism, no painterly shading, no comic-book hatching, no 3D renders. SWANA Khaleeji Saudi context — gas infrastructure expansion. NOT orientalist, NOT South-Asian, NOT generic Middle East, NOT Persian. — identical to p006_first EXCEPT: two additional processing columns appear on the left of the facility; pipeline network branches into two more conduit lines; flare shapes slightly larger.","wide establishing, facility centre-right","two additional processing columns on facility left; two more pipeline conduit branches; flare shapes grow.",ltx
k032,148.0,155.0,"downstream integration","Downstream, Aramco continues to integrate across the hydrocarbon value chain — balancing its portfolio between fuels and chemicals, including advanced products like polyols, isocyanates, and synthetic rubber.",camera_only,,,flux2_dev,"An explainer-video keyframe depicting Aramco's downstream integration across the hydrocarbon value chain as a horizontal flow diagram rendered in the Kurzgesagt visual style. On the far left, a simplified oil wellhead in charcoal connects via a bold pipeline to a refinery cluster in the centre-left — cylindrical distillation columns and cracking towers in warm ochre and charcoal. From the refinery, the pipeline branches into two distinct paths: the upper branch leads to a fuel depot in the centre-right — storage tanks and a simplified fuel-pump icon in warm amber and charcoal. The lower branch leads to a chemical plant in the far right — reactor vessels, mixing drums, and product containers in cool blue-steel and silver-grey, distinctly different in colour from the warm-toned fuel branch. The two branches create a Y-shape flow that communicates portfolio balance. The background is a clean deep teal, flat and uncluttered, allowing the flow to read clearly. Small simplified molecular-structure shapes — hexagons and circles in light cream — float near the chemical plant to suggest advanced products. Style requirement: flat Kurzgesagt vector illustration, deep teal background, warm ochre and charcoal for upstream, warm amber for fuel, cool blue-steel for chemicals, cream molecular accents; clean geometric shapes, minimal-to-no linework; layered depth via the branching flow; animation-ready silhouettes. NO TEXT, NO GLYPHS, NO ARABIC OR ENGLISH LETTERING in the image — no labels on any element. No photorealism, no painterly shading, no comic-book hatching, no 3D renders. SWANA Khaleeji Saudi context — Saudi hydrocarbon value chain. NOT orientalist, NOT South-Asian, NOT generic Middle East.","horizontal flow diagram, Y-branch centre",,kenburns
k033,155.0,163.0,"energy transition multi-speed","And on the energy transition, the company's message is clear: it advocates a multi-source, multi-speed approach — meeting rising global demand while investing in lower-carbon technologies, rather than retreating from hydrocarbons prematurely.",flf_pair,p007,first,flux2_dev,"An explainer-video keyframe depicting Aramco's multi-source energy transition philosophy as a balanced landscape. A wide horizontal panorama shows a Saudi Gulf-coastal landscape split into coexisting energy zones. On the left third, traditional oil infrastructure — derricks, processing tanks, pipelines — stands operational and prominent in warm ochre, charcoal, and amber tones. In the centre third, a transitional zone shows a natural gas processing plant in cool silver-grey and blue-steel alongside a hydrogen production unit rendered as a compact geometric cluster with a distinctive teal accent. On the right third, renewable energy installations appear — a row of simplified geometric wind turbines in light cream-grey and a field of angled solar panel arrays in cool blue-teal. All three zones sit on the same flat desert-coastal ground plane, connected by a shared pipeline-and-grid network running along the bottom of the frame. The sky above is a unified bold teal-to-amber gradient, tying the zones together. The oil section is slightly larger, reflecting current dominance. Style requirement: flat Kurzgesagt vector illustration, deep teals, warm ochres, charcoal, cool silver-grey, blue-teal; clean geometric shapes, minimal-to-no linework; layered depth via scale; animation-ready silhouettes. NO TEXT, NO GLYPHS, NO ARABIC OR ENGLISH LETTERING in the image. No photorealism, no painterly shading, no comic-book hatching, no 3D renders. SWANA Khaleeji Saudi Gulf-coastal context — Saudi energy landscape. NOT orientalist, NOT South-Asian, NOT generic Middle East, NOT Persian.","ultra-wide panorama, three energy zones",,ltx
k034,155.0,163.0,"energy transition multi-speed","And on the energy transition, the company's message is clear: it advocates a multi-source, multi-speed approach — meeting rising global demand while investing in lower-carbon technologies, rather than retreating from hydrocarbons prematurely.",flf_pair,p007,last,flux2_dev,"An explainer-video keyframe identical in composition to k033: wide horizontal panorama of a Saudi Gulf-coastal landscape with three coexisting energy zones — oil infrastructure on the left in warm ochre and charcoal, gas and hydrogen in the centre in silver-grey and blue-steel, renewables on the right with wind turbines and solar arrays in cream-grey and blue-teal. Same flat desert-coastal ground, same shared pipeline-and-grid network along the bottom, same unified teal-to-amber sky gradient. However, the renewable section on the right has grown — two additional wind turbines have appeared and the solar array field has extended further right, making the right third slightly wider. The oil section on the left and the gas-hydrogen section in the centre both remain completely unchanged from the first frame. All other elements — sky gradient, ground plane, connecting pipeline-and-grid network, unified teal-to-amber palette — remain identical. Style requirement: flat Kurzgesagt vector illustration, deep teals, warm ochres, charcoal, silver-grey, blue-teal; clean geometric shapes, minimal-to-no linework; layered depth via scale; animation-ready silhouettes. NO TEXT, NO GLYPHS, NO ARABIC OR ENGLISH LETTERING in the image. No photorealism, no painterly shading, no comic-book hatching, no 3D renders. SWANA Khaleeji Saudi context. NOT orientalist, NOT South-Asian, NOT generic Middle East, NOT Persian. — identical to p007_first EXCEPT: renewable zone on the right expands with two additional wind turbines and a wider solar field. Oil and gas-hydrogen zones remain completely unchanged.","ultra-wide panorama, three energy zones","renewable zone on right adds two turbines and extends solar field wider. All other zones unchanged.",ltx
k035,163.0,170.0,"scale reliability returns","In a year of geopolitical complexity and market volatility, Aramco delivered what it always delivers: scale, reliability, and extraordinary returns.",camera_only,,,ernie,"An explainer-video keyframe depicting the monumental closing image of Saudi Aramco's scale and endurance. A grand wide panorama viewed from a low angle looking across a flat Gulf coastline at golden hour. In the centre and spanning most of the frame, an enormous oil tanker — the largest element in the composition — sits fully loaded at a geometric loading jetty, its hull rendered in deep charcoal with warm amber-ochre deck details, dwarfing everything around it. Behind the tanker, the processing facility from earlier frames is visible as a midground silhouette — cylindrical towers and tanks against the sky. Further back, a second tanker is departing on the open teal water. The sky is the most dramatic gradient in the entire video — deep saturated teal at the zenith sweeping through cyan to a blazing warm amber-gold band at the horizon, catching the tanker hull in warm side-light. The foreground is calm teal water with geometric reflections. The mood is triumphant, enduring, monumental — the final statement of an energy superpower. Style requirement: flat Kurzgesagt vector illustration, deep saturated teal, rich amber-gold, charcoal, warm ochre; clean geometric shapes, minimal-to-no linework; layered depth via scale — massive tanker dominates; animation-ready silhouettes. NO TEXT, NO GLYPHS, NO ARABIC OR ENGLISH LETTERING in the image — no hull markings, no logos. No photorealism, no painterly shading, no comic-book hatching, no 3D renders. SWANA Khaleeji Saudi Gulf-coastal context — Gulf tanker loading terminal, Saudi industrial coastline. NOT orientalist, NOT South-Asian, NOT generic Middle East, NOT Persian.","wide low-angle, tanker dominant centre, golden hour",,kenburns
k036,170.0,173.0,"closing card","",static_slide,,,,,"end card, brand lockup",,remotion
